Aalborg,Aalborgenser
Aarhus,Aarhusian
Aberdeen,Aberdonian
Abidjan,Abidjanais
Adana,Adanite
Adelaide,Adelaidean
Addis Ababa,Addis Ababian
Ahmedabad,Amdavadi
Aguascalientes,Hidrocálido
Agde,Agathois
Aix-en-Provence,Aixois
Albany,Albanian
Albuquerque,Albuquerquean
Aleppo,Aleppine
Alexandria,Alexandrine
Algiers,Algérois
Almería,Almerian
Alpine,Alpinian
Amalfi,Amalfitan
Amman,Ammani
Ammon,Ammonite
Amparo,Amparense
Amsterdam,Amsterdammer
Anchorage,Anchorageite
Andong,Andongite
Ankara,Ankarite
Angeles,Angelino
Angers,Angevin
Annapolis,Annapolitan
Antakya,Antakyan
Antalya,Antalyan
Aosta,Aostan
Aqaba,Aqabawi
Arequipa,Arequipeño (m)
Arlington,Arlingtonian
Armagh,Armachian
Armidale,Armidilian
Ashdod,Ashdodi
Asheville,Ashevillain
Ashkelon,Ashkelonian
Asmara,Asmaran
Asunción,Asunceno
Athens,Athenian
Atlanta,Atlantan
Auckland,Aucklander
Austin,Austinite
Aydın,Aydinian
Bacolod,Bacolodnon
Baku,Bakuvian
Balıkesir,Balikesirian
Baltimore,Baltimorean
Bandung,Bandungite
Bangalore,Bangalorean
Bangkok,Bangkokian
Barcelona,Barcelonian
Barisal,Barisali
Basel,Basler
Bath,Bathonian
Baton Rouge,Baton Rougean
Bedford,Bedfordian
Beersheba,Beersheban
Beijing,Beijinger
Beirut,Beiruti
Belfast,Belfastie
Belo Horizonte,Belo-Horizontino
Belgrade,Belgradian
Benevento,Beneventan
Bengeo,Bengean
Bergamo,Bergamasque
Bergen,Bergenese
Berlin,Berliner
Bern,Bernese
Béziers,Bitterois
Bhopal,Bhopali
Birmingham,Brummie
Birmingham,Birminghamian
Blackburn,Blackburnian
Bnei Brak,Bnei Brakian
Bodrum,Bodrumite
Boise,Boisean
Bologna,Bolognese
Bogotá,Bogotano (m)
Bolgatanga,Guruŋa
Bolton,Boltonian
Bordeaux,Bordelais
Bossangoa,Bossangoan
Boston,Bostonian
Bradford,Bradfordian
Brasilia,Brasiliense
Bratislava,Bratislavan
Bremen,Bremer
Brescia,Brescian
Brighton,Brightonian
Brisbane,Brisbanite
Bristol,Bristolian
Brooklyn,Brooklynite
Brussels,Brusselian
Bucaramanga,Bumangués (m)
Bucharest,Bucharester
Budapest,Budapester
Buenos Aires,Porteño
Buffalo,Buffalonian
Burlington,Burlingtonian
Bursa,Bursanese
Busan,Busanian
Cádiz,Gaditano
Calais,Calaisiens
Cagayan de Oro,Cagayanon
Cairns,Cairnsite
Cairo,Cairene
Calgary,Calgarian
Cali,Caleño
Cambridge,Cantabrigian
Campinas,Campineiro
Campo Grande,campo-grandense
Canberra,Canberran
Cape Town,Capetonian
Caracas,Caraqueño (m)
Cardiff,Cardiffian
Carlisle,Carlislian
Carson City,Carsonite
Cartagena,Cartagenero (m)
Carystus,Christian
Casper,Casperite
Castlecrag,Cragman
Cebu,Cebuano
Changwon,Changwonian
Charleston,Charlestonian
Charlotte,Charlottean
Chelmsford,Chelmsfordian
Cheltenham,Cheltonian
Chennai,Chennaite
Chester,Cestrian
Chesterfield,Cestrefeldian
Cheyenne,Cheyenneite
Chicago,Chicagoan
Chichester,Cicestrian
Chilliwack,Chilliwackian
Chittagong,Chittagonian
Christchurch,Cantabrian
Cincinnati,Cincinnatian
Cleveland,Clevelander
Coimbatore,Coimbatoreian
Colchester,Colcestrian
Columbus,Columbusite
Copenhagen,Copenhagener
Córdoba,Cordobés
Corinth,Corinthian
Cork,Corkonian
Coventry,Coventrian
Culiacán,Cliché
Cusco,Cusqueño (m)
Kraków,Krakovian
Curitiba,Curitibano
Daegu,Daeguite
Dalaman,Dalamanian
Dallas,Dallasite
Da Lat,Dalatese
Dakar,Dakarois
Damascus,Damascene
Darwin,Darwinian[e]
Davao,Davaoeño
Delhi,Delhiite
Denizli,Denizlian
Denver,Denverite
Derry,Derrian
Detroit,Detroiter
Devonport,Devonportian
Dhaka,Dhakai
Diyarbakır,Diyarbakirian
Dresden,Dresdener
Dublin,Dubliner
Dubai,Dubaite
Duluth,Duluthian
Dundee,Dundonian
Dunedin,Dunedinite
Durango,Duranguense
Durban,Durbanite
East Troy,East Trojan
Edinburgh,Embran
Edmonton,Edmontonian
Eilat,Eilatian
El Paso,El Pasoan
Épalinges,Palinsard
Epidaurus,Epidaurian
Erzurum,Erzurumian
Eskişehir,Eskishehirian
Eugene,Eugenean
Everett,Everettite
Exeter,Exonian
Famagusta,Salaminioti
Fargo,Fargoan
Ferrara,Ferrarese
Fethiye,Fethiyennese
Filettino,Filettinesi
Finchley,Finchleian
Florence,Florentine
Foz do Iguaçu,Iguaçuense
Frankfurt,Frankfurter
Fredericton,Frederictonian
Fresno,Fresnan
Galway,Galwegian
Gaza,Gazan
Gaziantep,Antepian
Geelong,Geelongite
Geneva,Genevan
Genoa,Genoese
Germiston,Germistonian
Ghent,Ghentian
Glasgow,Glaswegian
Godalming,Godhelmian
Gold Coast,Gold Coaster
Gosford,Gosfordian
Gothenburg,Gothenburger
Granada,Granadino
Grand Rapids,Grand Rapidian
Graz,Grazer
Grenoble,Grenoblois
Guadalajara,Tapatío
Guangzhou,Cantonese
Guayaquil,Guayaquilean
Guelph,Guelphite[4]
Gumi,Gumite
Gwangju,Gwangjuite
Gyeongju,Gyeongjuite
The Hague,Haguer
Haifa,Haifan
Halifax,Haligonian
Hamburg,Hamburger
Hamilton,Hamiltonian
Hanoi,Hanoian
Hanover,Hanoverian
Harbin,Harbinite
Harrisburg,Harrisburger
Hartlepool,Hartlepudlian
Hastings,Hastingite
Hastings,Hastinger
Hatay,Hatayan (see also
Havana,Havanan; Habanero (m)
Helsinki,Helsinkian
Ho Chi Minh City,Saigoner
Hobart,Hobartian
Holon,Holonian
Hong Kong,Hongkonger
Honolulu,Honolulan
Houston,Houstonian
Huelva,Onubense
Hyderabad,Hyderabadi
Iloilo,Ilonggo
Incheon,Incheoner
Indianapolis,Hoosier
Invercargill,Invercargillite
Inverness,Invernessian
Ipoh,Ipohian
Iriga,Irigueño
Islamabad,Islamabadian
Itabira,Itabirano (m)
Itapira,Itapirense
Istanbul,Istanbulite
Ithaca,Ithacan
Izmir,Izmirite
Izmit,Izmitite
Jacksonville,Jacksonvillian
Jaén,Jienense
Jakarta,Jakartanais
Jeonju,Jeonjuite
Jerusalem,Jerusalemite
Johannesburg,Johannesburger
Joshua,Joshuan
Juba,Juban
Juiz de Fora,Juiz-forano
Kahramanmaraş,Marashian
Kandy,Kandian
Kaluga,Kaluzhane
Kansas City,Kansas Citian; Kansas Cityan; Kansas City
Karachi,Karachiite
Karpasia,Karpasias
Kastoria,Kastorian
Kayseri,Kayserian
Kenosha,Kenoshan
Khulna,Khulnaiya
Kingston,Kingstonian
Kingston upon Hull,Hullensian
Kitchener,Kitchenerite
Kocaeli,Kocaelian (see also
Konya,Konyanite
Knoxville,Knoxvillian
Kuala Lumpur,KLite
Kuching,Kuchingite
Kyiv,Kievan
Lagos,Lagosian
Lahore,Lahori
Lancaster,Lancastrian
La Paz,Paceño
Larnaka,Larnakade
Las Vegas,Las Vegan
Laval,Lavalois
Leeds,Leodensian
Leicester,Chizzit
Leipzig,Leipziger
Legazpi,Legazpeño
León,Leonese
Lexington,Lexingtonian
Liberal,Liberarian
Ligao,Ligaoeño
Lima,Limeño
Limassol,Lemesouti
Limerick,Limerickman
Linz,Linzer
Lisbon,Lisboan
Liverpool,Liverpudlian
Livorno,Leghornese
London,Londoner
Londrina,Londrinense
Los Angeles,Los Angeleno
Louisville,Louisvillian
Luanda,Luandan
Lucca,Lucchesi
Luton,Lutonian
Lviv,Lvivite
Lyon,Lyonese
Macau,Macanese
Mackay,Mackayite
Madrid,Madrilenian
Malacca,Malaccan
Málaga,Malagenean
Malatya,Malatyan
Manaus,Manauara
Manchester,Mancunian
Manila,Manileño
Manisa,Manisanian
Mantua,Mantuan
Maputo,Maputan
Marathon,Marathonian
Mardin,Mardinian
Marmaris,Marmarisian
Marseille,Marseillais
Marshall,Marshallite[9][10]
Masbate,Masbateño
Mersin,Mersinite
Mecca,Meccan
Medellín,Paisa
Medina,Medinan
Megara,Megarian
Melbourne,Melburnian
Memphis,Memphian
Messina,Messinese
Mexico City,Capitalino
Miami,Miamian
Milan,Milanese
Milwaukee,Milwaukeean
Minsk,Minskite
Misrata,Misratan
Minneapolis,Minneapolitan
Minot,Minoter
Modena,Modenese
Mogi Guaçu,Guaçuano
Mogi Mirim,Mogimiriano
Monaco,Monegasque
Monrovia,Monrovian
Monterrey,Regiomontano
Montevideo,Montevideano (m)
Montreal,Montrealer
Moose Jaw,Moose Javians
Morphou,Morfitis
Moscow,Moscowite
Moscow,Muscovite
Muğla,Mughlanian
Mumbai,Mumbaikar
Muncie,Munsonian
Munich,Münchner
Mymensingh,Mymensinghi
Mysore,Mysorean
Naga,Nagueño
Nagoya,Nagoyan
Nairobi,Nairobian
Nanaimo,Nanaimoite
Nanjing,Nankinese
Napier,Napieran
Naples,Neapolitan
Nashville,Nashvillian
Nassau,Nassuvian
Navarre,Navarrian
Nazareth,Nazarene
Nelson,Nelsonian
Netanya,Netanyan
Newport,Newportonian
New Orleans,New Orleanian
New York City,New Yorker
•Staten Island,Staten Islander
Newcastle,Novocastrian
Newcastle upon Tyne,Novocastrian
Nice,Niçois
Nicosia,Nicosian
Norfolk,Norfolker
Northampton,Northamptonian
Novara,Novarese
Nuremberg,Nuremberger
Oakbank,Oakbankian
Oakland,Oaklander
Oamaru,Oamaruvian
Oaxaca,Oaxaqueño
Odesa,Odesan
Oklahoma City,Oklahoma Cityan
Omaha,Omahan
Omak,Omakian[11]
Ordu,Ordunite
Orléans,Orléanais
Osaka,Naniwakko
Oshawa,Oshawian
Oslo,Oslovian
Oswestry,Oswestrian
Ottawa,Ottawan
Oxford,Oxonian[l]
Paddock Lake,Paddock Laker
Padua,Paduan
Paducah,Paducahan
Paita,Paiteño (m)
Panaji,Ponnjekar
Paphos,Paphian
Palermo,Palermitan
Palmerston North,Palmerstonian
Palmyra,Palmyrene
Paris,Parisian
Parma,Parmesan
Penang,Penangite
Pescara,Pescarese
Perth,Perthite
Perugia,Perugian
Peterborough,Peterbourian
Philadelphia,Philadelphian
Phnom Penh,Phnom Penher
Phoenix,Phoenician
Pissouri,Pissouriti
Pisa,Pisan
Pittsburgh,Pittsburgher
Plymouth,Plymothian
Pohang,Pohangite
Polmont,Polmontarian
Pompeii,Pompeian
Ponferrada,Ponferradian
Pont-à-Mousson,Mussipontain
Port-au-Prince,Port-au-Princien
Port Harcourt,Harcourtian
Port Moresby,Port Moresbian
Porto,Portuense
Podgorica,Podgorician
Porto Alegre,Porto-alegrense
Porto Cheli,Porto-Cheliki
Portland,Portlander
Portsmouth,Portsmouthian
Prague,Praguer
Preston,Prestonian
Pripyat,Pripyatin
Providence,Providentian
Provo,Provoan
Puebla,Poblano
Punta Arenas,Puntarenian
Pylos,Pylian
Quebec City,Québécois[m]
Quito,Quiteño (m)
Rajshahi,Rajshahiya
Radnor,Radnorian
Raleigh,Raleighite
Randall,Randallite
Rangpur City,Rongpuri
Reading,Readingite
Red Deer,Red Deerian
Regina,Reginan
Reno,Renoite
Rethymno,Rethymnian
Reims,Rémois
Reykjavík,Reykjavikian
Ribeirão Preto,Ribeirão Pretano
Richmond,Richmonder
Riga,Rigan
Rio de Janeiro,Carioca
Rhodes,Rhodian
Roanoke,Roanoker
Rochester,Rochesterian
Rockhampton,Rockhamptonite
Rome,Roman
Rotorua,Rotoruan
Rotterdam,Rotterdammer
Rouen,Rouennais
Rye,Ryer
Sacramento,Sacramentan
Saint Helier,Saint-Helian
Saint-Étienne,Stéphanois
Saint-Jude,Rocquevillois
Saint Paul,Saint Paulite
Saint Petersburg,Saint Petersburgite
Saint Petersburg,Saint Petersburgian
Salem,Salemite
Salerno,Salernitan
Salford,Salfordian
Salt Lake City,Salt Laker
Salvador,Soteropolitano
Salzburg,Salzburger
Sambalpur,Sambalpuria
Samsun,Samsunite
San Antonio,San Antonian
San Diego,San Diegan
San Francisco,San Franciscan
San Jose,San Josean
San José,Josefino/a
Şanlıurfa,Urfanian
Santa Barbara,Santa Barbaran
Santa Clarita,Santa Claritan
Santa Cruz de la Sierra,Cruceño
Santa Monica,Santa Monican
Santiago,Santiaguinos (m)
São Carlos,Sãocarlense
São Luís,Ludovicense
São Paulo,Paulistano
Sarajevo,Sarajevan
Saskatoon,Saskatonian
Sault Ste. Marie,Soos
Savannah,Savannian
Seattle,Seattleite
Seoul,Seoulite
Serra Negra,Serrano
Serres,Serrean
Seville,Sevillian
Shanghai,Shanghainese
Shkoder,Shkodran
Shrewsbury,Salopian
Side,Sidetan
Siena,Sienese
Silver Lake,Silver Laker
Singapore,Singaporean
Skopje,Skopjan
Slough,Sluff
Sofia,Sofian
Solihull,Silhillian
Somers,Somersite
Sorrento,Sorrentine
Sorsogon,Sorsoganon
Southampton,Sotonian
Soweto,Sowetan
Sparta,Spartan
Spoleto,Spoletian
Springfield,Springfieldian
St. Louis,St. Louisan
Stockholm,Stockholmer
Strasbourg,Strasbourgeois
Stuttgart,Stuttgarter
Sunshine Coast,Sunshine Coaster
Swansea,Jack
Swindon,Swindonian
Sylhet,Sylheti
Syracuse,Syracusan
Syracuse,Syracusian
Tabaco,Tabaqueño
Tacna,Tacneño (m)
Tacoma,Tacoman
Tallahassee,Tallahasseean
Tallinn,Tallinner
Tampa,Tampan
Tartu,Tartuan
Taranto,Tarantine
Tasmania,Tasmanian
Taunton,Tauntonian
Tauranga,Taurangian
Tbilisi,Tbilisian
Tehran,Tehrani
Tekirdağ,Tekirdaninan
Tel Aviv,Tel Avivi
Thebes,Theban
Thessaloniki,Thessalonian
Timaru,Timaruvians
Tirana,Tirons
Toowoomba,Toowoomban
Toronto,Torontonian[14]
Toulouse,Toulousian
Tournai,Tournaisian
Townsville,Townsvillian
Trabzon,Trabzonian
Traverse City,Traverse Citian
Trevor,Trevorite
Trent,Tridentine
Trieste,Triestine
Tripoli,Tripolitan
Tripoli,Tripolitano
Trois-Rivières,Trois-rivieran
Trois-Rivières,Trifluvien
Tucson,Tucsonian
Tulsa,Tulsan
Turin,Turinese
Twin Lakes,Twin Laker
Tyre,Tyrian
Uberlândia,Uberlandense
Ulsan,Ulsanian
Valencia,Valencian
Valladolid,Vallisoletano
Valparaíso,Porteño (m)
Van,Vanian
Vancouver,Vancouverite
Venice,Venetian
Veracruz,Veracruzano
Verona,Veronese
Vicenza,Vicentine
Vichy,Vichyssois
Victoria,Victorian
Vienna,Viennese
Villanova,Villanovan
Ville Platte,Ville Platian
Vilnius,Vilnian
Vizag,Vizagite
Waco,Wacoite
Warangal,Warangalite
Warsaw,Varsovian
Washington,Washingtonian[n]
Waterbury,Waterburian
Waterford,Waterfordian
Waterloo,Waterluvian
Wellington,Wellingtonian
Wheatland,Wheatlander
Whitehorse,Whitehorser
Wichita,Wichitan
Wilmot,Wilmotter
Wythenshawe,Wythenshavian
Xalapa,Xalapeño
Xanthi,Xanthian
Yellowknife,Yellowknifer
Yeosu,Yeosuite
Yerevan,Yerevantsi
Yogyakarta,Yogyakartan
Yokohama,Hamakko[15]
Zacatecas,Zacatecano
Zagreb,Zagreber
Zamboanga,Zamboangueño
Zaragoza,Zaragoazan
Zonguldak,Zonguldakian
Zintan,Zintani
Zurich,Zuricher
Zwolle,Zwollenaar
Abkhazia,Abkhazian
Afghanistan,Afghan
Åland,Ålander
Albania,Albanian
Algeria,Algerian
American Samoa,American Samoan
Andorra,Andorran
Angola,Angolan
Anguilla,Anguillan
Antarctica,Antarctic resident
Antigua,AntiguansBarbudan
Argentina,ArgentinesArgentinian
Armenia,Armenian
Aruba,Aruban
Australia,Australian
Austria,Austrian
Azerbaijan,AzerbaijanisAzeri
The Bahamas,Bahamian
Bahrain,Bahraini
Bangladesh,Bangladeshi
Barbados,Barbadian
Belarus,Belarusian
Belgium,Belgian
Belize,Belizean
Benin,BenineseBeninoi
Bermuda,BermudiansBermudan
Bhutan,Bhutanese
Bolivia,Bolivian
Bonaire,Bonaire Dutch
Bosnia,BosniansHerzegovinian
Botswana,Batswana
Bouvet Island,Bouvet Islander
Brazil,Brazilian
British Indian Ocean Territory,British
Brunei,Bruneian
Bulgaria,Bulgarian
Burkina Faso,BurkinabèBurkinabé
Burundi,BurundiansBarundi
Cabo Verde,Cabo Verdean
Cambodia,Cambodian
Cameroon,Cameroonian
Canada,Canadian
Cayman Islands,Caymanian
Central African Republic,Central African
Chad,Chadian
Chile,Chilean
China,Chinese
Christmas Island,Christmas Islander
Cocos (Keeling) Islands,Cocos Islander
Colombia,Colombian
Comoros,ComoransComorian
Democratic Republic of the Congo,Congolese
Republic of the Congo,Congolese
Cook Islands,Cook Islander
Costa Rica,Costa Rican
Croatia,CroatiansCroat
Cuba,Cuban
Curaçao,Curaçaoan
Cyprus,Cypriot
Czech Republic,Czech
Denmark,Dane
Djibouti,Djiboutian
Dominica,Dominican
Dominican Republic,Dominican
East Timor,Timorese
Ecuador,Ecuadorian
Egypt,Egyptian
El Salvador,SalvadoransSalvadoriansSalvadorean
England,EnglishEnglishmen and Englishwomen
Equatorial Guinea,Equatorial GuineansEquatoguinean
Eritrea,Eritrean
Estonia,Estonian
Eswatini,Swazi
Ethiopia,EthiopiansHabesha
European Union,European
Falkland Islands,Falkland Islander
Faroe Islands,Faroese
Fiji,Fijian
Finland,Finn
France,FrenchFrenchmen and Frenchwomen
French Guiana,French Guianese
French Polynesia,French Polynesian
French Southern Territories,French
Gabon,GaboneseGabonaise
The Gambia,Gambian
Georgia,Georgian
Germany,German
Ghana,Ghanaian
Gibraltar,Gibraltarian
Greece,GreeksHellene
Greenland,Greenlander
Grenada,Grenadian
Guadeloupe,GuadeloupiansGuadeloupean
Guam,Guamanian
Guatemala,Guatemalan
Guernsey,Guernseymen and Guernseywomen
Guinea,Guinean
Guinea-Bissau,Bissau-Guinean
Guyana,Guyanese
Haiti,Haitian
Heard Island,Heard IslandersMcDonald Islander
Honduras,Honduran
Hong Kong,HongkongersHong Kongese
Hungary,HungariansMagyar
Iceland,Icelander
India,Indian
Indonesia,Indonesian
Iran,IraniansPersian
Iraq,Iraqi
Ireland,IrishIrishmen and Irishwomen
Isle of Man,ManxManxmen and Manxwomen
Israel,Israeli
Italy,Italian
Ivory Coast,Ivorian
Jamaica,Jamaican
Jan Mayen,Jan Mayen resident
Japan,Japanese
Jersey,Jerseymen and JerseywomenJersianJèrriai
Jordan,Jordanian
Kazakhstan,KazakhstanisKazakh
Kenya,Kenyan
Kiribati,I-Kiribati
North Korea,KoreansNorth Korean
South Korea,KoreansSouth Korean
Kosovo,Kosovar
Kuwait,Kuwaiti
Kyrgyzstan,KyrgyzstanisKyrgyzKirgizKirghiz
Laos,LaosLaotian
Latvia,LatviansLett
Lebanon,Lebanese
Lesotho,Basotho
Liberia,Liberian
Libya,Libyan
Liechtenstein,Liechtensteiner
Lithuania,Lithuanian
Luxembourg,Luxembourger
Madagascar,Malagasy
Malawi,Malawian
Malaysia,Malaysian
Maldives,Maldivian
Mali,Malian
Malta,Maltese
Marshall Islands,Marshallese
Martinique,MartiniquaisMartiniquaise
Mauritania,Mauritanian
Mauritius,Mauritian
Mayotte,Mahoran
Mexico,Mexican
Micronesia,Micronesian
Moldova,Moldovan
Monaco,MonégasquesMonacan
Mongolia,MongoliansMongol
Montenegro,Montenegrin
Montserrat,Montserratian
Morocco,Moroccan
Mozambique,Mozambican
Myanmar,Myanmar
Namibia,Namibian
Nauru,Nauruan
Nepal,NepalisNepalese
Netherlands,DutchDutchmen and DutchwomenNetherlander
New Caledonia,New Caledonian
New Zealand,New Zealander
Nicaragua,Nicaraguan
Niger,Nigerien
Nigeria,Nigerian
Niue,Niuean
Norfolk Island,Norfolk Islander
North Macedonia,Macedonian
Northern Ireland,Northern IrishNorthern Irishmen and Northern Irishwomen
Northern Mariana Islands,Northern Marianan
Norway,Norwegian
Oman,Omani
Pakistan,Pakistani
Palau,Palauan
Palestine,Palestinian
Panama,Panamanian
Papua New Guinea,Papua New GuineansPapuan
Paraguay,Paraguayan
Peru,Peruvian
Philippines,FilipinosFilipina
Pitcairn Islands,Pitcairn Islander
Poland,Pole
Portugal,Portuguese
Puerto Rico,Puerto Rican
Qatar,Qatari
Réunion,RéunioneseRéunionnais and Réunionnaise
Romania,Romanian
Russia,Russian
Rwanda,RwandansBanyarwanda
Saba,Saba Dutch
Saint Barthélemy,BarthélemoisBarthélemoise
"Saint Helena, Ascension",Saint Helenian
Saint Kitts,KittitiansNevisian
Saint Lucia,Saint Lucian
Saint Martin,Saint-MartinoisSaint-Martinoise
Saint Pierre,Saint-PierraisSaint-PierraisesMiquelonnaisMiquelonnaise
Saint Vincent,Saint VincentiansVincentian
Sahrawi,SahrawisWestern Saharan
Samoa,Samoan
San Marino,Sammarinese
São Tomé,São Toméan
Saudi Arabia,SaudisSaudi Arabian
Scotland,ScotsScotsmen and Scotswomen
Senegal,Senegalese
Serbia,SerbsSerbian
Seychelles,Seychellois/Seychelloise
Sierra Leone,Sierra Leonean
Sint Eustatius,Statian
Sint Maarten,Sint Maartener
Slovakia,SlovaksSlovakian
Slovenia,SlovenesSlovenian
Solomon Islands,Solomon Islander
Somalia,Somali
Somaliland,Somalilander
South Africa,South African
South Georgia,South Georgia IslandersSouth Sandwich Islander
South Ossetia,South Ossetian
South Sudan,South Sudanese
Spain,Spaniard
Sri Lanka,Sri Lankan
Sudan,Sudanese
Suriname,Surinamer
Svalbard,Svalbard resident
Sweden,Swede
Switzerland,Swis
Syria,Syrian
Taiwan,TaiwaneseFormosan
Tajikistan,TajikistanisTajik
Tanzania,Tanzanian
Thailand,Thai
Timor-Leste,Timorese
Togo,Togolese
Tokelau,Tokelauan
Tonga,Tongan
Trinidad,TrinidadiansTobagonian
Tunisia,Tunisian
Turkey,Turk
Turkmenistan,Turkmen
Turks,Turks and Caicos Islander
Tuvalu,Tuvaluan
Uganda,Ugandan
Ukraine,Ukrainian
United Arab Emirates,EmiratisEmiriansEmiri
United Kingdom of Great Britain,BritonsBritish people
United States of America,American
Uruguay,Uruguayan
Uzbekistan,UzbekistanisUzbek
Vanuatu,Ni-Vanuatu
Vatican City,Vaticanian
Venezuela,Venezuelan
Vietnam,Vietnamese
British Virgin Islands,British Virgin Islander
United States Virgin Islands,U.S. Virgin Islander
Wales,WelshmenWelshwomen
Wallis,Wallis and Futuna IslandersWallisiansFutunan
Western Sahara,SahrawisSahraoui
Yemen,Yemeni
Zambia,Zambian
Zanzibar,Zanzibari
Zimbabwe,Zimbabwean
Montreal,Montrealer
Calgary,Calgarian
Edmonton,Edmontonian
Ottawa,Ottawan
Quebec City,Quebecois
Winnipeg,Winnipegger
Halifax,Haligonian
Sydney,Sydneysider
Melbourne,Melburnian
Brisbane,Brisbanite
Perth,Perthian
Adelaide,Adelaidian
Auckland,Aucklander
Wellington,Wellingtonian
Christchurch,Christchurchian
Tokyo,Tokyoite
Kyoto,Kyotonian
Osaka,Osakan
Seoul,Seoulite
Busan,Busanian
Incheon,Incheonite
Beijing,Beijinger
Shanghai,Shanghainese
Guangzhou,Guangzhouite
Shenzhen,Shenzhener
Hong Kong,Hongkonger
Taipei,Taipeian
Bangkok,Bangkokian
Chiang Mai,Chiang Mainer
Mumbai,Mumbaikar
Delhi,Delhiite
Bangalore,Bangalorean
Chennai,Chennaite
Kolkata,Kolkatan
Hyderabad,Hyderabadi
Ahmedabad,Ahmedabadi
Pune,Punekar
Jakarta,Jakartan
Surabaya,Surabayan
Manila,Manileño
Cebu,Cebuano
Ho Chi Minh City,Saigonese
Hanoi,Hanoian
Kuala Lumpur,Kuala Lumpurite
Penang,Penangite
Singapore,Singaporean
Dubai,Dubaiite
Abu Dhabi,Abu Dhabian
Doha,Dohan
Cairo,Cairene
Alexandria,Alexandrian
Lima,Limeño
Buenos Aires,Porteño
Santiago,Santiaguino
Bogotá,Bogotano
Caracas,Caraqueño
São Paulo,Paulistano
Rio de Janeiro,Carioca
Mexico City,Chilango
Monterrey,Regiomontano
Guadalajara,Tapatío
San Salvador,Salvadoreño
Panama City,Panameño
San Juan,Sanjuanero
Havana,Habanero
Santo Domingo,Dominicano
San José,Josefito
Kingston,Kingstonian
Nassau,Nassuvian
Georgetown,Georgetownian
Paramaribo,Paramaribian
Bridgetown,Bajan
Port-au-Prince,Port-au-Princian
Belize City,Belizean
Managua,Managuan
Tegucigalpa,Tegucigalpense
Guatemala City,Guatemalteco
San Pedro Sula,Sampedrano
Castries,Saint Lucian
Port of Spain,Trinbagonian
Basseterre,Kittitian
Willemstad,Curaçaoan
Oranjestad,Aruban
Kralendijk,Bonairean
Roseau,Dominican
St. George's,Grenadian
The Valley,Anguillian
Lisbon,Lisboeta
Edinburgh,Edinburger
Glasgow,Glaswegian
Perth,Perthite
Dublin,Dubliner
Riga,Rigans
Tallinn,Tallinner
Vilnius,Vilnian
Valletta,Vallettan
Belgrade,Belgrader
Bucharest,Bucharester
Sofia,Sofian
Athens,Athenian
Nicosia,Nicosian
Prague,Praguer
Budapest,Budapestian
Zagreb,Zagreber
Warsaw,Varsovian
Rome,Roman
Florence,Florentine
Milan,Milanese
Naples,Neapolitan
Venice,Venetian
Turin,Turinese
Frankfurt,Frankfurter
Munich,Münchner
Cologne,Cologneite
Hamburg,Hamburger
St. Petersburg,Petersburgian
Moscow,Muscovite
Johannesburg,Joburger
Cape Town,Capetonian
Durban,Durbanite
Nairobi,Nairobian
Casablanca,Casablancais
Lagos,Lagosian
Accra,Accran
Dakar,Dakarois
New York City,New Yorker
Los Angeles,Angeleno
Chicago,Chicagoan
San Francisco,San Franciscan
Houston,Houstonian
Toronto,Torontonian
Oslo,Oslonian
Helsinki,Helsinkian
Zurich,Züricher
Karachi,Karachiite
Vancouver,Vancouverite
Manchester,Mancunian
Liverpool,Liverpudlian
Belfast,Belfastian
Dubrovnik,Dubrovnikian
Reykjavik,Reykjaviker
Marrakech,Marrakechian
Dar es Salaam,Dar es Salaamian
New Delhi,Delhiite
London,Londoner
Paris,Parisian
Berlin,Berliner
New York,New Yorker
Amsterdam,Amsterdammer
Vienna,Viennese
Boston,Bostonian
Seattle,Seattleite
Istanbul,Istanbulite
Copenhagen,Copenhagenite
Stockholm,Stockholmer
Geneva,Genevan
Bern,Bernese
Gothenburg,Gothenburger
Rotterdam,Rotterdamer
Brussels,Brusselsite
Luxembourg City,Luxembourger
Cardiff,Cardiffian
Porto,Portuense
Madrid,Madrilenian
Barcelona,Barcelonian
Seville,Sevillian
Valencia,Valencian
Thessaloniki,Thessalonian
Ankara,Ankaralı
Izmir,Izmirian
Rabat,Rabati
Brussels,Bruxellois
Barcelona,Barcelonan
Ankara,Ankarite
Kiev,Kyivan
Nouakchott,Nouakchottois
Algiers,Algerian
Tunis,Tunisian
Tripoli,Tripolitanian
Riyadh,Riyadhian
Jeddah,Jeddahn
Mecca,Meccan
Medina,Median
Manama,Manamian
Kuwait City,Kuwaiti
Muscat,Muscati
Beirut,Beiruti
Amman,Ammani
Jerusalem,Jerusalemite
Tel Aviv,Tel Avivi
Baghdad,Baghdadi
Tehran,Tehranian
Kabul,Kabuli
Islamabad,Islamabadian
Lahore,Lahori
Dhaka,Dhakaiya
Kathmandu,Kathmanduite
Thimphu,Thimphuan
Colombo,Colomboite
Male,Maldivian
Ulaanbaatar,Ulaanbaataran
Pyongyang,Pyongyangite
Yangon,Yangonese
Phnom Penh,Phnom Penher
Vientiane,Vientianer
Naypyidaw,Naypyidawian
Astana (Nur-Sultan),Nur-Sultanian
Almaty,Almatian
Bishkek,Bishkekite
Tashkent,Tashkentian
Dushanbe,Dushanbean
Ashgabat,Ashgabadian
Chittagong,Chittagonian
Kandy,Kandyan
Bandung,Bandungite
Medan,Medanese
Manila,Manileño/a
Cebu,Cebuano/a
Davao City,Davaoeño/a
Phuket,Phuketian
Da Nang,Da Nangian
Hue,Huếan
Mandalay,Mandalayan
Luang Prabang,Luang Prabangian
Tbilisi,Tbilisian
Yerevan,Yerevantsi
Baku,Bakuvian
Dili,Dili-an
Port Moresby,Port Moresbean
Canberra,Canberran
Suva,Suvaian
Apia,Apian
Nuku'alofa,Nuku'alofan
Honiara,Honiarian
Port Vila,Port Vilan
Funafuti,Funafutian
Majuro,Majuroan
Palikir,Palikirian
Yaren,Yarenian
Brazzaville,Brazzavillois
Kinshasa,Kinshasian
Kigali,Kigalian
Bamako,Bamakoan
Bissau,Bissau-Guinean
Conakry,Conakrian
Monrovia,Monrovian
Freetown,Freetonian
India,Indian
China,Chinese
Japan,Japanese
South Korea,Korean
Vietnam,Vietnamese
Thailand,Thai
Indonesia,Indonesian
Malaysia,Malaysian
Philippines,Filipino/Filipina
Maldives,Maldivian
Sri Lanka,Sri Lankan
Mongolia,Mongolian
Kazakhstan,Kazakhstani
Kyrgyzstan,Kyrgyzstani
Uzbekistan,Uzbekistani
Tajikistan,Tajikistani
Turkmenistan,Turkmenistani
Afghanistan,Afghan
Pakistan,Pakistani
Bangladesh,Bangladeshi
Nepal,Nepali
Bhutan,Bhutanese
Turkey,Turkish
Iran,Iranian
Iraq,Iraqi
Israel,Israeli
Jordan,Jordanian
Lebanon,Lebanese
Saudi Arabia,Saudi
United Arab Emirates (UAE),Emirati
Qatar,Qatari
Oman,Omani
Kuwait,Kuwaiti
Bahrain,Bahraini
Egypt,Egyptian
Libya,Libyan
Algeria,Algerian
Tunisia,Tunisian
Morocco,Moroccan
Sudan,Sudanese
South Sudan,South Sudanese
Eritrea,Eritrean
Ethiopia,Ethiopian
Kenya,Kenyan
Uganda,Ugandan
Tanzania,Tanzanian
Rwanda,Rwandan
Burundi,Burundian
Burma (Myanmar),Burmese
Addis Ababa,Addis Ababan
Abuja,Abujaite
Kampala,Kampalan
Luanda,Luandan
Dar es Salaam,Dar es Salaamite
Juba,Jubaite
Lusaka,Lusakan
Harare,Hararean
Gaborone,Gabaronean
Maputo,Maputian
Antananarivo,Antananarivian
Maseru,Maseruan
Lilongwe,Lilongwean
Port Louis,Port Louisian
Windhoek,Windhoeker
Pretoria,Pretorian
